-- =========================
-- 1) USERS (20)
-- =========================
INSERT INTO users (kakao_id, email, name, student_id, phone_number, department)
VALUES
    (10001,'user01@example.com','홍길동01','20250001','010-0000-0001','Computer Science'),
    (10002,'user02@example.com','홍길동02','20250002','010-0000-0002','Electrical Engineering'),
    (10003,'user03@example.com','홍길동03','20250003','010-0000-0003','Mathematics'),
    (10004,'user04@example.com','홍길동04','20250004','010-0000-0004','Physics'),
    (10005,'user05@example.com','홍길동05','20250005','010-0000-0005','Chemistry'),
    (10006,'user06@example.com','홍길동06','20250006','010-0000-0006','Biology'),
    (10007,'user07@example.com','홍길동07','20250007','010-0000-0007','Statistics'),
    (10008,'user08@example.com','홍길동08','20250008','010-0000-0008','Business'),
    (10009,'user09@example.com','홍길동09','20250009','010-0000-0009','Economics'),
    (10010,'user10@example.com','홍길동10','20250010','010-0000-0010','Design'),
    (10011,'user11@example.com','홍길동11','20250011','010-0000-0011','Media'),
    (10012,'user12@example.com','홍길동12','20250012','010-0000-0012','Education'),
    (10013,'user13@example.com','홍길동13','20250013','010-0000-0013','Philosophy'),
    (10014,'user14@example.com','홍길동14','20250014','010-0000-0014','Sociology'),
    (10015,'user15@example.com','홍길동15','20250015','010-0000-0015','History'),
    (10016,'user16@example.com','홍길동16','20250016','010-0000-0016','AI'),
    (10017,'user17@example.com','홍길동17','20250017','010-0000-0017','Data Science'),
    (10018,'user18@example.com','홍길동18','20250018','010-0000-0018','Civil Engineering'),
    (10019,'user19@example.com','홍길동19','20250019','010-0000-0019','Architecture'),
    (10020,'user20@example.com','홍길동20','20250020','010-0000-0020','Korean Literature'),
    (10021,'user21@example.com','홍길동21','20250021','010-0000-0021','Computer Science'),
    (10022,'user22@example.com','홍길동22','20250022','010-0000-0022','Economics'),
    (10023,'user23@example.com','홍길동23','20250023','010-0000-0023','Design'),
    (10024,'user24@example.com','홍길동24','20250024','010-0000-0024','Philosophy'),
    (10025,'chsick9@gmail.com','김춘식','20250025','010-5182-7384','Electrical Engineering'),
    (10026,'user26@example.com','홍길동26','20250026','010-0000-0026','Mechanical Engineering'),
    (10027,'welkin@naver.com','이상현','20250027','010-1557-8848','Industrial Engineering'),
    (10028,'user28@example.com','홍길동28','20250028','010-0000-0028','Computer Science'),
    (10029,'artjin@example.com','박예진','20250029','010-8765-4321','Business'),
    (10030,'user30@example.com','홍길동30','20250030','010-0000-0030','Economics'),
    (10031,'user31@example.com','홍길동31','20250031','010-0000-0031','AI'),
    (10032,'user32@example.com','홍길동32','20250032','010-0000-0032','Data Science'),
    (10033,'user33@example.com','홍길동33','20250033','010-0000-0033','Psychology'),
    (10034,'user34@example.com','홍길동34','20250034','010-0000-0034','Education'),
    (10035,'user35@example.com','홍길동35','20250035','010-0000-0035','Design'),
    (10036,'user36@example.com','홍길동36','20250036','010-0000-0036','Statistics'),
    (10037,'user37@example.com','홍길동37','20250037','010-0000-0037','Chemistry'),
    (10038,'user38@example.com','홍길동38','20250038','010-0000-0038','Civil Engineering'),
    (10039,'user39@example.com','홍길동39','20250039','010-0000-0039','Biology'),
    (10040,'user40@example.com','홍길동40','20250040','010-0000-0040','Physics'),
    (10041,'user41@example.com','홍길동41','20250041','010-0000-0041','Architecture'),
    (10042,'user42@example.com','홍길동42','20250042','010-0000-0042','Philosophy'),
    (10043,'user43@example.com','홍길동43','20250043','010-0000-0043','Computer Science'),
    (10044,'user44@example.com','홍길동44','20250044','010-0000-0044','Economics');

-- =========================
-- 2) CLUB_INTRODUCTION (20)
-- =========================
INSERT INTO club_introduction (overview, activities, ideal)
VALUES
    ('인터엑스는 사회 문제를 깊이 있게 탐구하고 이를 해결하기 위해 다양한 활동을 기획하는 동아리입니다. 회원들은 토론, 조사, 캠페인 등을 통해 실제 사회 문제를 이해하고, 문제 해결을 위한 창의적 방법을 모색합니다. 학문적 연구와 실질적 활동을 병행하며, 서로의 생각을 존중하고 협력하는 문화를 지향합니다.',
     '매주 세미나와 그룹 토론, 지역 사회 봉사활동, 캠페인 기획 및 참여. 관심 분야 프로젝트를 진행하고 발표/보고서로 성과 공유. 외부 전문가 초청 강연으로 실천 가능한 해결책 모색.',
     '성실하고 책임감 있으며 문제 해결에 관심이 많고 창의적 아이디어를 공유하는 인재. 팀과 협력하며 꾸준히 학습/성장하려는 자세.'),
    ('개요 02','활동 02','이상 02'),
    ('코드마스터는 최신 프로그래밍 언어와 프레임워크를 학습하고 팀 단위 프로젝트를 통해 실무 경험을 쌓는 동아리입니다. 개발 관련 세미나와 스터디를 통해 기술 역량을 지속적으로 향상시킵니다.',
     '매주 코드 리뷰 세션, 알고리즘 스터디, 팀 프로젝트. 프로젝트 결과물 공유 및 문제 해결 협업. 외부 개발자 초청 강연으로 최신 기술 동향 습득.',
     '적극적으로 배우고 실습할 의지가 있으며 새로운 기술 탐구와 협업에 열려 있는 인재.'),
    ('개요 04','활동 04','이상 04'),
    ('아트픽은 회원들이 창작 활동을 통해 작품을 제작하고 전시회를 통해 공유하는 것을 목표로 합니다. 서로의 작품을 감상/피드백하며 예술적 감각을 향상시킵니다.',
     '회화/조각/사진/영상 등 다양한 창작 프로젝트 진행. 정기 전시회 개최 및 평가/토론. 외부 예술가 워크숍으로 기법/표현 방식 학습.',
     '창의적이고 꾸준히 작품 활동을 이어갈 수 있으며 협력·성장 의지가 있는 인재.'),
    ('개요 06','활동 06','이상 06'),
    ('개요 07','활동 07','이상 07'),
    ('개요 08','활동 08','이상 08'),
    ('개요 09','활동 09','이상 09'),
    ('개요 10','활동 10','이상 10'),
    ('개요 11','활동 11','이상 11'),
    ('개요 12','활동 12','이상 12'),
    ('개요 13','활동 13','이상 13'),
    ('개요 14','활동 14','이상 14'),
    ('개요 15','활동 15','이상 15'),
    ('개요 16','활동 16','이상 16'),
    ('개요 17','활동 17','이상 17'),
    ('개요 18','활동 18','이상 18'),
    ('개요 19','활동 19','이상 19'),
    ('개요 20','활동 20','이상 20');

-- =========================
-- 3) CLUB_IMAGE (20)  — intro 1..20에 1장씩
-- =========================
INSERT INTO club_image (image_url, club_introduction_id)
VALUES
    ('https://plus.unsplash.com/premium_photo-1729880132913-4ca7d67f8eeb?q=80&w=1587',1),
    ('https://plus.unsplash.com/premium_photo-1723917604890-418aa2307d2f?q=80&w=1470',1),
    ('https://plus.unsplash.com/premium_photo-1704756437707-e9fee5c04bcf?q=80&w=1470',1),
    ('https://plus.unsplash.com/premium_photo-1704756437647-559e43344877?q=80&w=1470',1),
    ('https://example.com/img/club02.jpg',2),
    ('https://images.unsplash.com/photo-1622675363311-3e1904dc1885?w=1600&auto=format&fit=crop&q=60&ixlib=rb-4.1.0',3),
    ('https://images.unsplash.com/photo-1637073849667-91120a924221?w=1600&auto=format&fit=crop&q=60&ixlib=rb-4.1.0',3),
    ('https://plus.unsplash.com/premium_photo-1683134153517-32015af21911?w=1600&auto=format&fit=crop&q=60&ixlib=rb-4.1.0',3),
    ('https://plus.unsplash.com/premium_photo-1704756437647-559e43344877?q=80&w=1470',3),
    ('https://example.com/img/club04.jpg',4),
    ('https://plus.unsplash.com/premium_photo-1729880132913-4ca7d67f8eeb?q=80&w=1587',5),
    ('https://plus.unsplash.com/premium_photo-1723917604890-418aa2307d2f?q=80&w=1470',5),
    ('https://plus.unsplash.com/premium_photo-1704756437707-e9fee5c04bcf?q=80&w=1470',5),
    ('https://plus.unsplash.com/premium_photo-1704756437647-559e43344877?q=80&w=1470',5),
    ('https://example.com/img/club06.jpg',6),
    ('https://example.com/img/club07.jpg',7),
    ('https://example.com/img/club08.jpg',8),
    ('https://example.com/img/club09.jpg',9),
    ('https://example.com/img/club10.jpg',10),
    ('https://example.com/img/club11.jpg',11),
    ('https://example.com/img/club12.jpg',12),
    ('https://example.com/img/club13.jpg',13),
    ('https://example.com/img/club14.jpg',14),
    ('https://example.com/img/club15.jpg',15),
    ('https://example.com/img/club16.jpg',16),
    ('https://example.com/img/club17.jpg',17),
    ('https://example.com/img/club18.jpg',18),
    ('https://example.com/img/club19.jpg',19),
    ('https://example.com/img/club20.jpg',20);

-- =========================
-- 4) CLUB (20)  — category 순환: STUDY, LITERATURE, VOLUNTEER, RELIGION, SPORTS
-- =========================
INSERT INTO club (club_name, category, location, short_introduction, club_introduction_id, recruit_start, recruit_end, regular_meeting_info, caution)
VALUES
    ('인터엑스','STUDY','공7 201호','사회문제에 관심 있는 사람들을 위한 동아리',1,'2025-09-03 00:00:00','2025-11-30 23:59:00','매주 화요일 오후 6시','현재 지원은 휴학생을 제외한 1~3학년만 받고 있습니다.'),
    ('클럽 02','LITERATURE','A-102','소개 02',2,'2025-03-02 09:00:00','2025-03-16 18:00:00','매주 화 19:00', '주의사항'),
    ('코드마스터','STUDY','공5 102호','프로그래밍과 최신 기술을 탐구하는 동아리',3,'2025-09-05 00:00:00','2025-11-30 23:59:00','매주 수요일 오후 7시','1~4학년 모두 지원 가능합니다.'),
    ('클럽 04','RELIGION','A-104','소개 04',4,'2025-03-04 09:00:00','2025-03-18 18:00:00','매주 목 19:00', '주의사항'),
    ('아트픽','LITERATURE','예술관 301호','창작 활동과 전시를 즐기는 예술 동아리',5,'2025-09-07 00:00:00','2025-11-30 23:59:00','매주 금요일 오후 5시','모든 학년 지원 가능, 특별한 조건 없음.'),
    ('클럽 06','STUDY','A-106','소개 06',6,'2025-03-06 09:00:00','2025-03-20 18:00:00','매주 월 19:00', '주의사항'),
    ('클럽 07','LITERATURE','A-107','소개 07',7,'2025-03-07 09:00:00','2027-03-21 18:00:00','매주 화 19:00', '주의사항'),
    ('클럽 08','VOLUNTEER','A-108','소개 08',8,'2025-03-08 09:00:00','2025-03-22 18:00:00','매주 수 19:00' ,'주의사항'),
    ('클럽 09','RELIGION','A-109','소개 09',9,'2025-03-09 09:00:00','2025-03-23 18:00:00','매주 목 19:00' ,'주의사항'),
    ('클럽 10','SPORTS','A-110','소개 10',10,'2025-03-10 09:00:00','2025-03-24 18:00:00','매주 금 19:00' ,'주의사항'),
    ('클럽 11','STUDY','A-111','소개 11',11,'2025-03-11 09:00:00','2025-03-25 18:00:00','매주 월 19:00' ,'주의사항'),
    ('클럽 12','LITERATURE','A-112','소개 12',12,'2025-03-12 09:00:00','2025-03-26 18:00:00','매주 화 19:00', '주의사항'),
    ('클럽 13','VOLUNTEER','A-113','소개 13',13,'2025-03-13 09:00:00','2025-03-27 18:00:00','매주 수 19:00', '주의사항'),
    ('클럽 14','RELIGION','A-114','소개 14',14,'2025-03-14 09:00:00','2025-03-28 18:00:00','매주 목 19:00', '주의사항'),
    ('클럽 15','SPORTS','A-115','소개 15',15,'2025-03-15 09:00:00','2025-03-29 18:00:00','매주 금 19:00' ,'주의사항'),
    ('클럽 16','STUDY','A-116','소개 16',16,'2025-03-16 09:00:00','2025-03-30 18:00:00','매주 월 19:00' ,'주의사항'),
    ('클럽 17','LITERATURE','A-117','소개 17',17,'2025-03-17 09:00:00','2025-03-31 18:00:00','매주 화 19:00', '주의사항'),
    ('클럽 18','VOLUNTEER','A-118','소개 18',18,'2025-03-18 09:00:00','2025-04-01 18:00:00','매주 수 19:00', '주의사항'),
    ('클럽 19','RELIGION','A-119','소개 19',19,'2025-03-19 09:00:00','2025-04-02 18:00:00','매주 목 19:00', '주의사항'),
    ('클럽 20','SPORTS','A-120','소개 20',20,'2025-03-20 09:00:00','2027-04-03 18:00:00','매주 금 19:00', '주의사항');

-- =========================
-- 5) CLUB_APPLY_FORM (20)
-- =========================
INSERT INTO club_apply_form (club_id, title, description)
VALUES
    (1,'클럽01 2025 상반기 모집','소개 및 지원 요강'),
    (2,'클럽02 2025 상반기 모집','소개 및 지원 요강'),
    (3,'클럽03 2025 상반기 모집','소개 및 지원 요강'),
    (4,'클럽04 2025 상반기 모집','소개 및 지원 요강'),
    (5,'클럽05 2025 상반기 모집','소개 및 지원 요강'),
    (6,'클럽06 2025 상반기 모집','소개 및 지원 요강'),
    (7,'클럽07 2025 상반기 모집','소개 및 지원 요강'),
    (8,'클럽08 2025 상반기 모집','소개 및 지원 요강'),
    (9,'클럽09 2025 상반기 모집','소개 및 지원 요강'),
    (10,'클럽10 2025 상반기 모집','소개 및 지원 요강'),
    (11,'클럽11 2025 상반기 모집','소개 및 지원 요강'),
    (12,'클럽12 2025 상반기 모집','소개 및 지원 요강'),
    (13,'클럽13 2025 상반기 모집','소개 및 지원 요강'),
    (14,'클럽14 2025 상반기 모집','소개 및 지원 요강'),
    (15,'클럽15 2025 상반기 모집','소개 및 지원 요강'),
    (16,'클럽16 2025 상반기 모집','소개 및 지원 요강'),
    (17,'클럽17 2025 상반기 모집','소개 및 지원 요강'),
    (18,'클럽18 2025 상반기 모집','소개 및 지원 요강'),
    (19,'클럽19 2025 상반기 모집','소개 및 지원 요강'),
    (20,'클럽20 2025 상반기 모집','소개 및 지원 요강');

-- =========================
-- 6) FORM_QUESTION (20) — TEXT만 사용 (옵션/타임슬롯 NULL)
-- =========================
INSERT INTO form_question (club_apply_form_id, question, field_type, is_required, display_order, options)
VALUES
    (1,'자기소개를 작성해주세요.','TEXT', true, 1, NULL),
    (1,'개발 경험이 있으신가요?','RADIO', true, 2, '예,아니오'),
    (1,'자기소개를 간단히 적어주세요.','TEXT', false, 3, NULL),
    (1,'면접가능 날짜는?','TIME_SLOT', true, 4, NULL),
    (2,'지원 동기를 작성해주세요.','TEXT', true, 1, NULL),
    (3,'활동 가능 요일을 적어주세요.','TEXT', true, 1, NULL),
    (4,'관련 경험을 소개해주세요.','TEXT', true, 1, NULL),
    (5,'장단점을 적어주세요.','TEXT', true, 1, NULL),
    (6,'동아리에서 이루고 싶은 목표는?','TEXT', true, 1, NULL),
    (7,'협업 경험을 소개해주세요.','TEXT', true, 1, NULL),
    (8,'선호하는 역할은?','TEXT', true, 1, NULL),
    (9,'시간 관리 방법은?','TEXT', true, 1, NULL),
    (10,'리더십 경험이 있나요?','TEXT', true, 1, NULL),
    (11,'갈등 해결 경험은?','TEXT', true, 1, NULL),
    (12,'최근 읽은 책/논문은?','TEXT', true, 1, NULL),
    (13,'포트폴리오 요약을 작성해주세요.','TEXT', true, 1, NULL),
    (14,'학습 계획을 적어주세요.','TEXT', true, 1, NULL),
    (15,'봉사 경험이 있나요?','TEXT', true, 1, NULL),
    (16,'운동/동호회 경험은?','TEXT', true, 1, NULL),
    (17,'프로젝트 경험을 적어주세요.','TEXT', true, 1, NULL),
    (18,'강점 3가지를 적어주세요.','TEXT', true, 1, NULL),
    (19,'약점 3가지를 적어주세요.','TEXT', true, 1, NULL),
    (20,'마지막으로 하고 싶은 말','TEXT', true, 1, NULL);

INSERT INTO time_slot_options (form_question_id, date, start_time, end_time)
VALUES
    (4, '2025-10-15', '10:00', '12:00'),
    (4, '2025-10-16', '14:00', '16:00');

-- =========================
-- 7) APPLICATION (20)
--  user_id = i, club_apply_form_id = i
--  status 순환: PENDING, APPROVED, REJECTED
-- =========================
INSERT INTO application (user_id, club_apply_form_id, status, stage, average_rating)
VALUES
    (1,1,'PENDING', 'INTERVIEW',0.0),
    (2,2,'APPROVED', 'FINAL',4.3),
    (3,3,'REJECTED','INTERVIEW', 2.5),
    (4,4,'PENDING', 'FINAL',0.0),
    (5,5,'APPROVED','INTERVIEW', 4.1),
    (6,6,'REJECTED','FINAL', 2.7),
    (7,7,'PENDING', 'INTERVIEW',0.0),
    (8,8,'APPROVED', 'FINAL',4.6),
    (9,9,'REJECTED', 'INTERVIEW',2.8),
    (10,10,'PENDING', 'FINAL',0.0),
    (11,11,'APPROVED', 'INTERVIEW',4.2),
    (12,12,'REJECTED', 'FINAL',2.9),
    (13,13,'PENDING', 'INTERVIEW',0.0),
    (14,14,'APPROVED', 'FINAL',4.4),
    (15,15,'REJECTED', 'INTERVIEW',2.6),
    (16,16,'PENDING', 'FINAL',0.0),
    (17,17,'APPROVED', 'INTERVIEW',4.5),
    (18,18,'REJECTED', 'FINAL',2.4),
    (19,19,'PENDING', 'INTERVIEW',0.0),
    (20,20,'APPROVED', 'FINAL',4.0),
    (21,1,'PENDING', 'INTERVIEW',0.0),
    (22,1,'PENDING', 'FINAL',0.0),
    (23,1,'APPROVED', 'INTERVIEW',4.3),
    (24,1,'REJECTED', 'FINAL',2.7),
    (25,1,'APPROVED', 'INTERVIEW',4.5),
    (26,2,'APPROVED', 'FINAL',4.4),
    (27,3,'APPROVED', 'INTERVIEW',4.7),
    (28,4,'APPROVED', 'FINAL',4.8),
    (29,5,'APPROVED', 'INTERVIEW',4.6),
    (30,6,'APPROVED', 'FINAL',4.9),
    (31,7,'APPROVED', 'INTERVIEW',4.2),
    (32,8,'APPROVED', 'FINAL',4.3),
    (33,9,'APPROVED', 'INTERVIEW',4.5),
    (34,10,'APPROVED', 'FINAL',4.1),
    (35,11,'APPROVED', 'INTERVIEW',4.7),
    (36,12,'APPROVED', 'FINAL',4.8),
    (37,13,'APPROVED', 'INTERVIEW',4.4),
    (38,14,'APPROVED', 'FINAL',4.6),
    (39,15,'APPROVED', 'INTERVIEW',4.9),
    (40,16,'APPROVED', 'FINAL',4.2),
    (41,17,'APPROVED', 'INTERVIEW',4.5),
    (42,18,'APPROVED', 'FINAL',4.3),
    (43,19,'APPROVED', 'INTERVIEW',4.7),
    (44,20,'APPROVED', 'FINAL',4.8);

-- =========================
-- 8) ANSWER (20) — application i, form_question i
-- =========================
INSERT INTO answer (application_id, form_question_id, answer)
VALUES
    (1,1,'안녕하세요, 자기소개 01'),
    (2,2,'안녕하세요, 지원동기 02'),
    (3,3,'활동 가능 요일 03'),
    (4,4,'경험 소개 04'),
    (5,5,'장단점 05'),
    (6,6,'목표 06'),
    (7,7,'협업 경험 07'),
    (8,8,'역할 08'),
    (9,9,'시간 관리 09'),
    (10,10,'리더십 10'),
    (11,11,'갈등 해결 11'),
    (12,12,'독서/논문 12'),
    (13,13,'포트폴리오 13'),
    (14,14,'학습 계획 14'),
    (15,15,'봉사 경험 15'),
    (16,16,'동호회 경험 16'),
    (17,17,'프로젝트 17'),
    (18,18,'강점 18'),
    (19,19,'약점 19'),
    (20,20,'하고 싶은 말 20'),
    (21,1,'안녕하세요, 추가 지원자 21입니다.'),
    (21,2,'예'),
    (21,3,'추가 지원자 21의 간단한 자기소개입니다.'),
    (22,1,'안녕하세요, 추가 지원자 22입니다.'),
    (22,2,'아니오'),
    (22,3,'추가 지원자 22의 간단한 자기소개입니다.'),
    (23,1,'안녕하세요, 추가 지원자 23입니다.'),
    (23,3,'추가 지원자 23의 간단한 자기소개입니다.'),
    (24,1,'안녕하세요, 추가 지원자 24입니다.'),
    (24,3,'추가 지원자 24의 간단한 자기소개입니다.'),
    (25,1,'안녕하세요, 추가 지원자 25입니다.'),
    (25,2,'예'),
    (25,3,'추가 지원자 25의 간단한 자기소개입니다.'),
    (26,1,'안녕하세요, 추가 지원자 26입니다.'),
    (26,2,'예'),
    (26,3,'추가 지원자 26의 간단한 자기소개입니다.'),
    (27,1,'안녕하세요, 추가 지원자 27입니다.'),
    (27,2,'예'),
    (27,3,'추가 지원자 27의 간단한 자기소개입니다.'),
    (28,1,'안녕하세요, 추가 지원자 28입니다.'),
    (28,2,'예'),
    (28,3,'추가 지원자 28의 간단한 자기소개입니다.'),
    (29,1,'안녕하세요, 추가 지원자 29입니다.'),
    (29,2,'예'),
    (29,3,'추가 지원자 29의 간단한 자기소개입니다.'),
    (30,1,'안녕하세요, 추가 지원자 30입니다.'),
    (30,2,'예'),
    (30,3,'추가 지원자 30의 간단한 자기소개입니다.'),
    (31,1,'안녕하세요, 추가 지원자 31입니다.'),
    (31,2,'예'),
    (31,3,'추가 지원자 31의 간단한 자기소개입니다.'),
    (32,1,'안녕하세요, 추가 지원자 32입니다.'),
    (32,2,'예'),
    (32,3,'추가 지원자 32의 간단한 자기소개입니다.'),
    (33,1,'안녕하세요, 추가 지원자 33입니다.'),
    (33,2,'예'),
    (33,3,'추가 지원자 33의 간단한 자기소개입니다.'),
    (34,1,'안녕하세요, 추가 지원자 34입니다.'),
    (34,2,'예'),
    (34,3,'추가 지원자 34의 간단한 자기소개입니다.'),
    (35,1,'안녕하세요, 추가 지원자 35입니다.'),
    (35,2,'예'),
    (35,3,'추가 지원자 35의 간단한 자기소개입니다.'),
    (36,1,'안녕하세요, 추가 지원자 36입니다.'),
    (36,2,'예'),
    (36,3,'추가 지원자 36의 간단한 자기소개입니다.'),
    (37,1,'안녕하세요, 추가 지원자 37입니다.'),
    (37,2,'예'),
    (37,3,'추가 지원자 37의 간단한 자기소개입니다.'),
    (38,1,'안녕하세요, 추가 지원자 38입니다.'),
    (38,2,'예'),
    (38,3,'추가 지원자 38의 간단한 자기소개입니다.'),
    (39,1,'안녕하세요, 추가 지원자 39입니다.'),
    (39,2,'예'),
    (39,3,'추가 지원자 39의 간단한 자기소개입니다.'),
    (40,1,'안녕하세요, 추가 지원자 40입니다.'),
    (40,2,'예'),
    (40,3,'추가 지원자 40의 간단한 자기소개입니다.'),
    (41,1,'안녕하세요, 추가 지원자 41입니다.'),
    (41,2,'예'),
    (41,3,'추가 지원자 41의 간단한 자기소개입니다.'),
    (42,1,'안녕하세요, 추가 지원자 42입니다.'),
    (42,2,'예'),
    (42,3,'추가 지원자 42의 간단한 자기소개입니다.'),
    (43,1,'안녕하세요, 추가 지원자 43입니다.'),
    (43,2,'예'),
    (43,3,'추가 지원자 43의 간단한 자기소개입니다.'),
    (44,1,'안녕하세요, 추가 지원자 44입니다.'),
    (44,2,'예'),
    (44,3,'추가 지원자 44의 간단한 자기소개입니다.');

-- =========================
-- 9) COMMENT (20) — application i, user ((i % 20)+1)
-- =========================
INSERT INTO comment (content, rating, application_id, user_id)
VALUES
    ('코멘트 01',4.5,1,2),
    ('코멘트 02',3.8,2,3),
    ('코멘트 03',4.2,3,4),
    ('코멘트 04',4.0,4,5),
    ('코멘트 05',3.7,5,6),
    ('코멘트 06',4.6,6,7),
    ('코멘트 07',4.1,7,8),
    ('코멘트 08',3.9,8,9),
    ('코멘트 09',4.7,9,10),
    ('코멘트 10',4.3,10,11),
    ('코멘트 11',4.8,11,12),
    ('코멘트 12',3.6,12,13),
    ('코멘트 13',4.4,13,14),
    ('코멘트 14',4.1,14,15),
    ('코멘트 15',3.5,15,16),
    ('코멘트 16',4.9,16,17),
    ('코멘트 17',4.2,17,18),
    ('코멘트 18',3.8,18,19),
    ('코멘트 19',4.0,19,20),
    ('코멘트 20',4.6,20,1),
    ('코멘트 21',4.2,21,1),
    ('코멘트 22',4.0,22,2),
    ('코멘트 23',4.5,23,3),
    ('코멘트 24',3.8,24,4),
    ('코멘트 25',4.7,25,5),
    ('코멘트 26',4.3,26,6),
    ('코멘트 27',3.9,27,7),
    ('코멘트 28',4.8,28,8),
    ('코멘트 29',4.2,29,9),
    ('코멘트 30',3.6,30,10),
    ('코멘트 31',4.5,31,11),
    ('코멘트 32',4.0,32,12),
    ('코멘트 33',4.9,33,13),
    ('코멘트 34',4.1,34,14),
    ('코멘트 35',3.7,35,15),
    ('코멘트 36',4.4,36,16),
    ('코멘트 37',4.8,37,17),
    ('코멘트 38',4.0,38,18),
    ('코멘트 39',3.9,39,19),
    ('코멘트 40',4.6,40,20),
    ('코멘트 41',4.2,41,1),
    ('코멘트 42',3.8,42,2),
    ('코멘트 43',4.5,43,3),
    ('코멘트 44',4.7,44,4);

-- =========================
-- 10) CLUB_MEMBER (20)
--   user i, club i, application i (1:1)
--   active_status: 짝수 ACTIVE, 홀수 INACTIVE
--   role 순환: CLUB_MEMBER, CLUB_EXECUTIVE, CLUB_ADMIN, APPLICANT, SYSTEM_ADMIN
-- =========================
INSERT INTO club_member (user_id, club_id, active_status, application_id, club_role)
VALUES
    (1,1,'INACTIVE',1,'CLUB_MEMBER'),
    (2,2,'ACTIVE',2,'CLUB_EXECUTIVE'),
    (3,3,'INACTIVE',3,'CLUB_MEMBER'),
    (4,4,'ACTIVE',4,'APPLICANT'),
    (5,5,'INACTIVE',5,'SYSTEM_ADMIN'),
    (6,6,'ACTIVE',6,'CLUB_MEMBER'),
    (7,7,'INACTIVE',7,'CLUB_EXECUTIVE'),
    (8,8,'ACTIVE',8,'CLUB_MEMBER'),
    (9,9,'INACTIVE',9,'APPLICANT'),
    (10,10,'ACTIVE',10,'SYSTEM_ADMIN'),
    (11,11,'INACTIVE',11,'CLUB_MEMBER'),
    (12,12,'ACTIVE',12,'CLUB_EXECUTIVE'),
    (13,13,'INACTIVE',13,'CLUB_MEMBER'),
    (14,14,'ACTIVE',14,'APPLICANT'),
    (15,15,'INACTIVE',15,'SYSTEM_ADMIN'),
    (16,16,'ACTIVE',16,'CLUB_MEMBER'),
    (17,17,'INACTIVE',17,'CLUB_EXECUTIVE'),
    (18,18,'ACTIVE',18,'CLUB_Member'),
    (19,19,'INACTIVE',19,'APPLICANT'),
    (20,20,'ACTIVE',20,'SYSTEM_ADMIN'),
    (21,1,'ACTIVE',21,'APPLICANT'),
    (22,1,'ACTIVE',22,'APPLICANT'),
    (23,1,'ACTIVE',23,'APPLICANT'),
    (24,1,'INACTIVE',24,'APPLICANT'),
    (25,1,'ACTIVE',25,'CLUB_ADMIN'),
    (26,2,'ACTIVE',26,'CLUB_ADMIN'),
    (27,3,'ACTIVE',27,'CLUB_ADMIN'),
    (28,4,'ACTIVE',28,'CLUB_ADMIN'),
    (29,5,'ACTIVE',29,'CLUB_ADMIN'),
    (30,6,'ACTIVE',30,'CLUB_ADMIN'),
    (31,7,'ACTIVE',31,'CLUB_ADMIN'),
    (32,8,'ACTIVE',32,'CLUB_ADMIN'),
    (33,9,'ACTIVE',33,'CLUB_ADMIN'),
    (34,10,'ACTIVE',34,'CLUB_ADMIN'),
    (35,11,'ACTIVE',35,'CLUB_ADMIN'),
    (36,12,'ACTIVE',36,'CLUB_ADMIN'),
    (37,13,'ACTIVE',37,'CLUB_ADMIN'),
    (38,14,'ACTIVE',38,'CLUB_ADMIN'),
    (39,15,'ACTIVE',39,'CLUB_ADMIN'),
    (40,16,'ACTIVE',40,'CLUB_ADMIN'),
    (41,17,'ACTIVE',41,'CLUB_ADMIN'),
    (42,18,'ACTIVE',42,'CLUB_ADMIN'),
    (43,19,'ACTIVE',43,'CLUB_ADMIN'),
    (44,20,'ACTIVE',44,'CLUB_ADMIN');

-- =========================
-- 11) NOTIFICATION (20) — club i
-- =========================
INSERT INTO notification (club_id, title, content)
VALUES
    (1,'오리엔테이션 안내','OT는 3월 첫째 주에 진행됩니다.'),
    (2,'모집 마감 임박','이번 주 일요일 자정 마감입니다.'),
    (3,'정기 회의 공지','매주 수요일 19시 정기회의'),
    (4,'스터디 커리큘럼 안내','1분기 교재 및 일정 공유'),
    (5,'경기 일정 공지','토요일 10시 체육관 집결'),
    (6,'멘토링 프로그램','선배와의 1:1 멘토링 신청'),
    (7,'봉사 일정 안내','주말 지역 아동센터 봉사'),
    (8,'합주 스케줄','금요일 20시 합주실'),
    (9,'출사 일정','이번 주 일요일 호수공원'),
    (10,'리허설 공지','공연 전 리허설 안내'),
    (11,'독서 모임','격주 화요일 저녁 진행'),
    (12,'세미나 공지','외부 연사 초청 세미나'),
    (13,'회의록 공유','지난 회의 자료 업로드'),
    (14,'모집 결과 공지','개별 이메일 발송 예정'),
    (15,'대회 참가','교내 대회 출전 모집'),
    (16,'워크숍 안내','봄학기 워크숍 참여 신청'),
    (17,'프로젝트 키크오프','팀 배정 및 일정 공유'),
    (18,'봉사 인증 안내','활동 확인서 발급 방법'),
    (19,'운동기구 대여','대여 규칙 및 주의사항'),
    (20,'MT 일정','4월 초 MT 예정');
