-- =========================
-- 1) USERS (20)
-- =========================
INSERT INTO users (kakao_id, email, name, student_id, phone_number, department)
VALUES
    (10001,'user01@example.com','홍길동01','20250001','010-0000-0001','Computer Science'),
    (10002,'user02@example.com','홍길동02','20250002','010-0000-0002','Electrical Engineering'),
    (10003,'user03@example.com','홍길동03','20250003','010-0000-0003','Mathematics'),
    (10004,'user04@example.com','홍길동04','20250004','010-0000-0004','Physics'),
    (10005,'user05@example.com','홍길동05','20250005','010-0000-0005','Chemistry'),
    (10006,'user06@example.com','홍길동06','20250006','010-0000-0006','Biology'),
    (10007,'user07@example.com','홍길동07','20250007','010-0000-0007','Statistics'),
    (10008,'user08@example.com','홍길동08','20250008','010-0000-0008','Business'),
    (10009,'user09@example.com','홍길동09','20250009','010-0000-0009','Economics'),
    (10010,'user10@example.com','홍길동10','20250010','010-0000-0010','Design'),
    (10011,'user11@example.com','홍길동11','20250011','010-0000-0011','Media'),
    (10012,'user12@example.com','홍길동12','20250012','010-0000-0012','Education'),
    (10013,'user13@example.com','홍길동13','20250013','010-0000-0013','Philosophy'),
    (10014,'user14@example.com','홍길동14','20250014','010-0000-0014','Sociology'),
    (10015,'user15@example.com','홍길동15','20250015','010-0000-0015','History'),
    (10016,'user16@example.com','홍길동16','20250016','010-0000-0016','AI'),
    (10017,'user17@example.com','홍길동17','20250017','010-0000-0017','Data Science'),
    (10018,'user18@example.com','홍길동18','20250018','010-0000-0018','Civil Engineering'),
    (10019,'user19@example.com','홍길동19','20250019','010-0000-0019','Architecture'),
    (10020,'user20@example.com','홍길동20','20250020','010-0000-0020','Korean Literature');

-- =========================
-- 2) CLUB_INTRODUCTION (20)
-- =========================
INSERT INTO club_introduction (overview, activities, ideal)
VALUES
    ('개요 01','활동 01','이상 01'),
    ('개요 02','활동 02','이상 02'),
    ('개요 03','활동 03','이상 03'),
    ('개요 04','활동 04','이상 04'),
    ('개요 05','활동 05','이상 05'),
    ('개요 06','활동 06','이상 06'),
    ('개요 07','활동 07','이상 07'),
    ('개요 08','활동 08','이상 08'),
    ('개요 09','활동 09','이상 09'),
    ('개요 10','활동 10','이상 10'),
    ('개요 11','활동 11','이상 11'),
    ('개요 12','활동 12','이상 12'),
    ('개요 13','활동 13','이상 13'),
    ('개요 14','활동 14','이상 14'),
    ('개요 15','활동 15','이상 15'),
    ('개요 16','활동 16','이상 16'),
    ('개요 17','활동 17','이상 17'),
    ('개요 18','활동 18','이상 18'),
    ('개요 19','활동 19','이상 19'),
    ('개요 20','활동 20','이상 20');

-- =========================
-- 3) CLUB_IMAGE (20)  — intro 1..20에 1장씩
-- =========================
INSERT INTO club_image (image_url, club_introduction_id)
VALUES
    ('https://example.com/img/club01.jpg',1),
    ('https://example.com/img/club02.jpg',2),
    ('https://example.com/img/club03.jpg',3),
    ('https://example.com/img/club04.jpg',4),
    ('https://example.com/img/club05.jpg',5),
    ('https://example.com/img/club06.jpg',6),
    ('https://example.com/img/club07.jpg',7),
    ('https://example.com/img/club08.jpg',8),
    ('https://example.com/img/club09.jpg',9),
    ('https://example.com/img/club10.jpg',10),
    ('https://example.com/img/club11.jpg',11),
    ('https://example.com/img/club12.jpg',12),
    ('https://example.com/img/club13.jpg',13),
    ('https://example.com/img/club14.jpg',14),
    ('https://example.com/img/club15.jpg',15),
    ('https://example.com/img/club16.jpg',16),
    ('https://example.com/img/club17.jpg',17),
    ('https://example.com/img/club18.jpg',18),
    ('https://example.com/img/club19.jpg',19),
    ('https://example.com/img/club20.jpg',20);

-- =========================
-- 4) CLUB (20)  — category 순환: STUDY, LITERATURE, VOLUNTEER, RELIGION, SPORTS
-- =========================
INSERT INTO club (club_name, category, location, short_introduction, club_introduction_id, recruit_start, recruit_end, regular_meeting_info, caution)
VALUES
    ('클럽 01','STUDY','A-101','소개 01',1,'2025-03-01 09:00:00','2027-03-15 18:00:00','매주 월 19:00','주의사항'),
    ('클럽 02','LITERATURE','A-102','소개 02',2,'2025-03-02 09:00:00','2025-03-16 18:00:00','매주 화 19:00','주의사항'),
    ('클럽 03','VOLUNTEER','A-103','소개 03',3,'2025-03-03 09:00:00','2027-03-17 18:00:00','매주 수 19:00','주의사항'),
    ('클럽 04','RELIGION','A-104','소개 04',4,'2025-03-04 09:00:00','2025-03-18 18:00:00','매주 목 19:00','주의사항'),
    ('클럽 05','SPORTS','A-105','소개 05',5,'2025-03-05 09:00:00','2027-03-19 18:00:00','매주 금 19:00','주의사항'),
    ('클럽 06','STUDY','A-106','소개 06',6,'2025-03-06 09:00:00','2025-03-20 18:00:00','매주 월 19:00','주의사항'),
    ('클럽 07','LITERATURE','A-107','소개 07',7,'2025-03-07 09:00:00','2027-03-21 18:00:00','매주 화 19:00','주의사항'),
    ('클럽 08','VOLUNTEER','A-108','소개 08',8,'2025-03-08 09:00:00','2025-03-22 18:00:00','매주 수 19:00','주의사항'),
    ('클럽 09','RELIGION','A-109','소개 09',9,'2025-03-09 09:00:00','2025-03-23 18:00:00','매주 목 19:00','주의사항'),
    ('클럽 10','SPORTS','A-110','소개 10',10,'2025-03-10 09:00:00','2025-03-24 18:00:00','매주 금 19:00','주의사항'),
    ('클럽 11','STUDY','A-111','소개 11',11,'2025-03-11 09:00:00','2025-03-25 18:00:00','매주 월 19:00','주의사항'),
    ('클럽 12','LITERATURE','A-112','소개 12',12,'2025-03-12 09:00:00','2025-03-26 18:00:00','매주 화 19:00','주의사항'),
    ('클럽 13','VOLUNTEER','A-113','소개 13',13,'2025-03-13 09:00:00','2025-03-27 18:00:00','매주 수 19:00','주의사항'),
    ('클럽 14','RELIGION','A-114','소개 14',14,'2025-03-14 09:00:00','2025-03-28 18:00:00','매주 목 19:00','주의사항'),
    ('클럽 15','SPORTS','A-115','소개 15',15,'2025-03-15 09:00:00','2025-03-29 18:00:00','매주 금 19:00','주의사항'),
    ('클럽 16','STUDY','A-116','소개 16',16,'2025-03-16 09:00:00','2025-03-30 18:00:00','매주 월 19:00','주의사항'),
    ('클럽 17','LITERATURE','A-117','소개 17',17,'2025-03-17 09:00:00','2025-03-31 18:00:00','매주 화 19:00','주의사항'),
    ('클럽 18','VOLUNTEER','A-118','소개 18',18,'2025-03-18 09:00:00','2025-04-01 18:00:00','매주 수 19:00','주의사항'),
    ('클럽 19','RELIGION','A-119','소개 19',19,'2025-03-19 09:00:00','2025-04-02 18:00:00','매주 목 19:00','주의사항'),
    ('클럽 20','SPORTS','A-120','소개 20',20,'2025-03-20 09:00:00','2027-04-03 18:00:00','매주 금 19:00','주의사항');

-- =========================
-- 5) CLUB_APPLY_FORM (20)
-- =========================
INSERT INTO club_apply_form (club_id, title, description, is_active)
VALUES
    (1,'클럽01 2025 상반기 모집','소개 및 지원 요강', true),
    (2,'클럽02 2025 상반기 모집','소개 및 지원 요강', false),
    (3,'클럽03 2025 상반기 모집','소개 및 지원 요강', true),
    (4,'클럽04 2025 상반기 모집','소개 및 지원 요강', false),
    (5,'클럽05 2025 상반기 모집','소개 및 지원 요강', true),
    (6,'클럽06 2025 상반기 모집','소개 및 지원 요강', true),
    (7,'클럽07 2025 상반기 모집','소개 및 지원 요강', true),
    (8,'클럽08 2025 상반기 모집','소개 및 지원 요강', false),
    (9,'클럽09 2025 상반기 모집','소개 및 지원 요강', true),
    (10,'클럽10 2025 상반기 모집','소개 및 지원 요강', false),
    (11,'클럽11 2025 상반기 모집','소개 및 지원 요강', true),
    (12,'클럽12 2025 상반기 모집','소개 및 지원 요강', true),
    (13,'클럽13 2025 상반기 모집','소개 및 지원 요강', false),
    (14,'클럽14 2025 상반기 모집','소개 및 지원 요강', true),
    (15,'클럽15 2025 상반기 모집','소개 및 지원 요강', false),
    (16,'클럽16 2025 상반기 모집','소개 및 지원 요강', true),
    (17,'클럽17 2025 상반기 모집','소개 및 지원 요강', true),
    (18,'클럽18 2025 상반기 모집','소개 및 지원 요강', false),
    (19,'클럽19 2025 상반기 모집','소개 및 지원 요강', true),
    (20,'클럽20 2025 상반기 모집','소개 및 지원 요강', true);

-- =========================
-- 6) FORM_QUESTION (20) — TEXT만 사용 (옵션/타임슬롯 NULL)
-- =========================
INSERT INTO form_question (club_apply_form_id, question, field_type, is_required, display_order, options)
VALUES
    (1,'자기소개를 작성해주세요.','TEXT', true, 1, NULL),
    (1,'개발 경험이 있으신가요?','RADIO', false, 2, '["예", "아니오"]'),
    (1,'자기소개를 간단히 적어주세요.','TEXT', true, 3, NULL),
    (1,'면접가능 날짜는?','TIME_SLOT', true, 4, NULL),
    (2,'지원 동기를 작성해주세요.','TEXT', true, 1, NULL),
    (3,'활동 가능 요일을 적어주세요.','TEXT', true, 1, NULL),
    (4,'관련 경험을 소개해주세요.','TEXT', true, 1, NULL),
    (5,'장단점을 적어주세요.','TEXT', true, 1, NULL),
    (6,'동아리에서 이루고 싶은 목표는?','TEXT', true, 1, NULL),
    (7,'협업 경험을 소개해주세요.','TEXT', true, 1, NULL),
    (8,'선호하는 역할은?','TEXT', true, 1, NULL),
    (9,'시간 관리 방법은?','TEXT', true, 1, NULL),
    (10,'리더십 경험이 있나요?','TEXT', true, 1, NULL),
    (11,'갈등 해결 경험은?','TEXT', true, 1, NULL),
    (12,'최근 읽은 책/논문은?','TEXT', true, 1, NULL),
    (13,'포트폴리오 요약을 작성해주세요.','TEXT', true, 1, NULL),
    (14,'학습 계획을 적어주세요.','TEXT', true, 1, NULL),
    (15,'봉사 경험이 있나요?','TEXT', true, 1, NULL),
    (16,'운동/동호회 경험은?','TEXT', true, 1, NULL),
    (17,'프로젝트 경험을 적어주세요.','TEXT', true, 1, NULL),
    (18,'강점 3가지를 적어주세요.','TEXT', true, 1, NULL),
    (19,'약점 3가지를 적어주세요.','TEXT', true, 1, NULL),
    (20,'마지막으로 하고 싶은 말','TEXT', true, 1, NULL);

INSERT INTO time_slot_options (form_question_id, date, start_time, end_time)
VALUES
    (4, '2025-10-15', '10:00', '12:00'),
    (4, '2025-10-16', '14:00', '16:00');

-- =========================
-- 7) APPLICATION (20)
--  user_id = i, club_apply_form_id = i
--  status 순환: PENDING, APPROVED, REJECTED
-- =========================
INSERT INTO application (user_id, club_apply_form_id, status, average_rating)
VALUES
    (1,1,'PENDING', 0.0),
    (2,2,'APPROVED', 4.3),
    (3,3,'REJECTED', 2.5),
    (4,4,'PENDING', 0.0),
    (5,5,'APPROVED', 4.1),
    (6,6,'REJECTED', 2.7),
    (7,7,'PENDING', 0.0),
    (8,8,'APPROVED', 4.6),
    (9,9,'REJECTED', 2.8),
    (10,10,'PENDING', 0.0),
    (11,11,'APPROVED', 4.2),
    (12,12,'REJECTED', 2.9),
    (13,13,'PENDING', 0.0),
    (14,14,'APPROVED', 4.4),
    (15,15,'REJECTED', 2.6),
    (16,16,'PENDING', 0.0),
    (17,17,'APPROVED', 4.5),
    (18,18,'REJECTED', 2.4),
    (19,19,'PENDING', 0.0),
    (20,20,'APPROVED', 4.0);

-- =========================
-- 8) ANSWER (20) — application i, form_question i
-- =========================
INSERT INTO answer (application_id, form_question_id, answer)
VALUES
    (1,1,'안녕하세요, 자기소개 01'),
    (2,2,'안녕하세요, 지원동기 02'),
    (3,3,'활동 가능 요일 03'),
    (4,4,'경험 소개 04'),
    (5,5,'장단점 05'),
    (6,6,'목표 06'),
    (7,7,'협업 경험 07'),
    (8,8,'역할 08'),
    (9,9,'시간 관리 09'),
    (10,10,'리더십 10'),
    (11,11,'갈등 해결 11'),
    (12,12,'독서/논문 12'),
    (13,13,'포트폴리오 13'),
    (14,14,'학습 계획 14'),
    (15,15,'봉사 경험 15'),
    (16,16,'동호회 경험 16'),
    (17,17,'프로젝트 17'),
    (18,18,'강점 18'),
    (19,19,'약점 19'),
    (20,20,'하고 싶은 말 20');

-- =========================
-- 9) COMMENT (20) — application i, user ((i % 20)+1)
-- =========================
INSERT INTO comment (content, rating, application_id, user_id)
VALUES
    ('코멘트 01',4.5,1,2),
    ('코멘트 02',3.8,2,3),
    ('코멘트 03',4.2,3,4),
    ('코멘트 04',4.0,4,5),
    ('코멘트 05',3.7,5,6),
    ('코멘트 06',4.6,6,7),
    ('코멘트 07',4.1,7,8),
    ('코멘트 08',3.9,8,9),
    ('코멘트 09',4.7,9,10),
    ('코멘트 10',4.3,10,11),
    ('코멘트 11',4.8,11,12),
    ('코멘트 12',3.6,12,13),
    ('코멘트 13',4.4,13,14),
    ('코멘트 14',4.1,14,15),
    ('코멘트 15',3.5,15,16),
    ('코멘트 16',4.9,16,17),
    ('코멘트 17',4.2,17,18),
    ('코멘트 18',3.8,18,19),
    ('코멘트 19',4.0,19,20),
    ('코멘트 20',4.6,20,1);

-- =========================
-- 10) CLUB_MEMBER (20)
--   user i, club i, application i (1:1)
--   active_status: 짝수 ACTIVE, 홀수 INACTIVE
--   role 순환: CLUB_MEMBER, CLUB_EXECUTIVE, CLUB_ADMIN, APPLICANT, SYSTEM_ADMIN
-- =========================
INSERT INTO club_member (user_id, club_id, active_status, application_id, club_role)
VALUES
    (1,1,'INACTIVE',1,'CLUB_MEMBER'),
    (2,2,'ACTIVE',2,'CLUB_EXECUTIVE'),
    (3,3,'INACTIVE',3,'CLUB_ADMIN'),
    (4,4,'ACTIVE',4,'APPLICANT'),
    (5,5,'INACTIVE',5,'SYSTEM_ADMIN'),
    (6,6,'ACTIVE',6,'CLUB_MEMBER'),
    (7,7,'INACTIVE',7,'CLUB_EXECUTIVE'),
    (8,8,'ACTIVE',8,'CLUB_ADMIN'),
    (9,9,'INACTIVE',9,'APPLICANT'),
    (10,10,'ACTIVE',10,'SYSTEM_ADMIN'),
    (11,11,'INACTIVE',11,'CLUB_MEMBER'),
    (12,12,'ACTIVE',12,'CLUB_EXECUTIVE'),
    (13,13,'INACTIVE',13,'CLUB_ADMIN'),
    (14,14,'ACTIVE',14,'APPLICANT'),
    (15,15,'INACTIVE',15,'SYSTEM_ADMIN'),
    (16,16,'ACTIVE',16,'CLUB_MEMBER'),
    (17,17,'INACTIVE',17,'CLUB_EXECUTIVE'),
    (18,18,'ACTIVE',18,'CLUB_ADMIN'),
    (19,19,'INACTIVE',19,'APPLICANT'),
    (20,20,'ACTIVE',20,'SYSTEM_ADMIN');

-- =========================
-- 11) NOTIFICATION (20) — club i
-- =========================
INSERT INTO notification (club_id, title, content)
VALUES
    (1,'오리엔테이션 안내','OT는 3월 첫째 주에 진행됩니다.'),
    (2,'모집 마감 임박','이번 주 일요일 자정 마감입니다.'),
    (3,'정기 회의 공지','매주 수요일 19시 정기회의'),
    (4,'스터디 커리큘럼 안내','1분기 교재 및 일정 공유'),
    (5,'경기 일정 공지','토요일 10시 체육관 집결'),
    (6,'멘토링 프로그램','선배와의 1:1 멘토링 신청'),
    (7,'봉사 일정 안내','주말 지역 아동센터 봉사'),
    (8,'합주 스케줄','금요일 20시 합주실'),
    (9,'출사 일정','이번 주 일요일 호수공원'),
    (10,'리허설 공지','공연 전 리허설 안내'),
    (11,'독서 모임','격주 화요일 저녁 진행'),
    (12,'세미나 공지','외부 연사 초청 세미나'),
    (13,'회의록 공유','지난 회의 자료 업로드'),
    (14,'모집 결과 공지','개별 이메일 발송 예정'),
    (15,'대회 참가','교내 대회 출전 모집'),
    (16,'워크숍 안내','봄학기 워크숍 참여 신청'),
    (17,'프로젝트 키크오프','팀 배정 및 일정 공유'),
    (18,'봉사 인증 안내','활동 확인서 발급 방법'),
    (19,'운동기구 대여','대여 규칙 및 주의사항'),
    (20,'MT 일정','4월 초 MT 예정');
